<?xml version="1.0" encoding="UTF-8" ?>
<module>
	<name>smartcoin</name>
	<displayName><![CDATA[Smartcoin]]></displayName>
	<version><![CDATA[0.2.4]]></version>
	<description><![CDATA[Aceite pagamentos com Smartcoin]]></description>
	<author><![CDATA[Smartcoin LTDA.]]></author>
	<tab><![CDATA[payments_gateways]]></tab>
	<confirmUninstall><![CDATA[Aviso: Você tem certeza que deseja desinstalar este modulo?]]></confirmUninstall>
	<is_configurable>1</is_configurable>
	<need_instance>0</need_instance>
	<limited_countries></limited_countries>
</module>
